<?xml version="1.0" encoding="UTF-8"?>
<project-private xmlns="http://www.netbeans.org/ns/project-private/1">
    <editor-bookmarks xmlns="http://www.netbeans.org/ns/editor-bookmarks/2" lastBookmarkId="0"/>
    <open-files xmlns="http://www.netbeans.org/ns/projectui-open-files/2">
        <group>
            <file>file:/C:/Users/Marcellino/OneDrive/Dokumen/OOP/MovieTicketBookingSystem/src/movieticketbookingsystem/MovieTicketBookingSystem.java</file>
            <file>file:/C:/Users/Marcellino/OneDrive/Dokumen/OOP/MovieTicketBookingSystem/src/movieticketbookingsystem/moviepage.java</file>
            <file>file:/C:/Users/Marcellino/OneDrive/Dokumen/OOP/MovieTicketBookingSystem/src/movieticketbookingsystem/paymentpage.java</file>
            <file>file:/C:/Users/Marcellino/OneDrive/Dokumen/OOP/MovieTicketBookingSystem/src/movieticketbookingsystem/ticketpage.java</file>
            <file>file:/C:/Users/Marcellino/OneDrive/Dokumen/OOP/MovieTicketBookingSystem/src/movieticketbookingsystem/fnbpage.java</file>
            <file>file:/C:/Users/Marcellino/OneDrive/Dokumen/OOP/MovieTicketBookingSystem/src/movieticketbookingsystem/ticketadmin.java</file>
            <file>file:/C:/Users/Marcellino/OneDrive/Dokumen/OOP/MovieTicketBookingSystem/src/movieticketbookingsystem/receiptpage.java</file>
            <file>file:/C:/Users/Marcellino/OneDrive/Dokumen/OOP/MovieTicketBookingSystem/src/movieticketbookingsystem/theateradmin.java</file>
            <file>file:/C:/Users/Marcellino/OneDrive/Dokumen/OOP/MovieTicketBookingSystem/src/movieticketbookingsystem/fnbadmin.java</file>
            <file>file:/C:/Users/Marcellino/OneDrive/Dokumen/OOP/MovieTicketBookingSystem/src/movieticketbookingsystem/accountadmin.java</file>
            <file>file:/C:/Users/Marcellino/OneDrive/Dokumen/OOP/MovieTicketBookingSystem/src/movieticketbookingsystem/movieadmin.java</file>
            <file>file:/C:/Users/Marcellino/OneDrive/Dokumen/OOP/MovieTicketBookingSystem/src/movieticketbookingsystem/profilepage.java</file>
            <file>file:/C:/Users/Marcellino/OneDrive/Dokumen/OOP/MovieTicketBookingSystem/src/movieticketbookingsystem/registerpage.java</file>
            <file>file:/C:/Users/Marcellino/OneDrive/Dokumen/OOP/MovieTicketBookingSystem/src/movieticketbookingsystem/adminpage.java</file>
            <file>file:/C:/Users/Marcellino/OneDrive/Dokumen/OOP/MovieTicketBookingSystem/src/movieticketbookingsystem/loginpage.java</file>
            <file>file:/C:/Users/Marcellino/OneDrive/Dokumen/OOP/MovieTicketBookingSystem/src/movieticketbookingsystem/paymentadmin.java</file>
        </group>
    </open-files>
</project-private>
